Player,URL,Eligible,Contract,Salary
Carson Kelly,https://www.baseball-reference.com/players/k/kellyca02.shtml,True,0,0.0
Christian Walker,https://www.baseball-reference.com/players/w/walkech02.shtml,True,0,0.0
Josh VanMeter,https://www.baseball-reference.com/players/v/vanmejo01.shtml,True,0,0.0
Nick Ahmed,https://www.baseball-reference.com/players/a/ahmedni01.shtml,True,2020,8.125
Eduardo Escobar,https://www.baseball-reference.com/players/e/escobed01.shtml,True,2022,10.0
David Peralta,https://www.baseball-reference.com/players/p/peralda01.shtml,True,2020,7.333333333333333
Ketel Marte,https://www.baseball-reference.com/players/m/marteke01.shtml,True,0,0.0
Pavin Smith,https://www.baseball-reference.com/players/s/smithpa04.shtml,True,0,0.0
Josh Rojas,https://www.baseball-reference.com/players/r/rojasjo01.shtml,True,0,0.0
Asdrubal Cabrera,https://www.baseball-reference.com/players/c/cabreas01.shtml,True,0,0.0
Daulton Varsho,https://www.baseball-reference.com/players/v/varshda01.shtml,True,0,0.0
Kole Calhoun,https://www.baseball-reference.com/players/c/calhoko01.shtml,True,2022,5.2
Josh Reddick,https://www.baseball-reference.com/players/r/reddijo01.shtml,True,0,0.0
Stephen Vogt,https://www.baseball-reference.com/players/v/vogtst01.shtml,True,0,0.0
Tim Locastro,https://www.baseball-reference.com/players/l/locasti01.shtml,True,0,0.0
Andrew Young,https://www.baseball-reference.com/players/y/youngan02.shtml,True,0,0.0
Drew Ellis,https://www.baseball-reference.com/players/e/ellisdr01.shtml,True,0,0.0
Jake McCarthy,https://www.baseball-reference.com/players/m/mccarja02.shtml,True,0,0.0
Henry Ramos,https://www.baseball-reference.com/players/r/ramoshe01.shtml,True,0,0.0
Wyatt Mathisen,https://www.baseball-reference.com/players/m/mathiwy01.shtml,True,0,0.0
Ildemaro Vargas,https://www.baseball-reference.com/players/v/vargail01.shtml,True,0,0.0
Nick Heath,https://www.baseball-reference.com/players/h/heathni01.shtml,True,0,0.0
Geraldo Perdomo,https://www.baseball-reference.com/players/p/perdoge01.shtml,True,0,0.0
Bryan Holaday,https://www.baseball-reference.com/players/h/holadbr01.shtml,True,0,0.0
Domingo Leyba,https://www.baseball-reference.com/players/l/leybado01.shtml,True,0,0.0
Jake Hager,https://www.baseball-reference.com/players/h/hagerja01.shtml,True,0,0.0
Stuart Fairchild,https://www.baseball-reference.com/players/f/faircst01.shtml,True,0,0.0
Seth Beer,https://www.baseball-reference.com/players/b/beerse01.shtml,True,0,0.0
Travis d'Arnaud,https://www.baseball-reference.com/players/d/darnatr01.shtml,True,2022,8.0
Freddie Freeman,https://www.baseball-reference.com/players/f/freemfr01.shtml,True,0,0.0
Ozzie Albies,https://www.baseball-reference.com/players/a/albieoz01.shtml,True,2019,5.0
Dansby Swanson,https://www.baseball-reference.com/players/s/swansda01.shtml,True,0,0.0
Austin Riley,https://www.baseball-reference.com/players/r/rileyau01.shtml,True,0,0.0
Marcell Ozuna,https://www.baseball-reference.com/players/o/ozunama01.shtml,True,2021,16.25
Guillermo Heredia,https://www.baseball-reference.com/players/h/heredgu01.shtml,True,0,0.0
Ronald Acuna Jr.,https://www.baseball-reference.com/players/a/acunaro01.shtml,True,2019,12.5
Jorge Soler,https://www.baseball-reference.com/players/s/solerjo01.shtml,True,0,0.0
Adam Duvall,https://www.baseball-reference.com/players/d/duvalad01.shtml,True,0,0.0
Ehire Adrianza,https://www.baseball-reference.com/players/a/adriaeh01.shtml,True,0,0.0
Joc Pederson,https://www.baseball-reference.com/players/p/pederjo01.shtml,True,0,0.0
William Contreras,https://www.baseball-reference.com/players/c/contrwi02.shtml,True,0,0.0
Abraham Almonte,https://www.baseball-reference.com/players/a/almonab01.shtml,True,0,0.0
Eddie Rosario,https://www.baseball-reference.com/players/r/rosared01.shtml,True,0,0.0
Kevan Smith,https://www.baseball-reference.com/players/s/smithke04.shtml,True,0,0.0
Ender Inciarte,https://www.baseball-reference.com/players/i/inciaen01.shtml,True,0,0.0
Pablo Sandoval,https://www.baseball-reference.com/players/s/sandopa01.shtml,True,0,0.0
Orlando Arcia,https://www.baseball-reference.com/players/a/arciaor01.shtml,True,2022,1.5
Cristian Pache,https://www.baseball-reference.com/players/p/pachecr01.shtml,True,0,0.0
Alex Jackson,https://www.baseball-reference.com/players/j/jacksal02.shtml,True,0,0.0
Johan Camargo,https://www.baseball-reference.com/players/c/camarjo01.shtml,True,0,0.0
Jonathan Lucroy,https://www.baseball-reference.com/players/l/lucrojo01.shtml,True,0,0.0
Jeff Mathis,https://www.baseball-reference.com/players/m/mathije01.shtml,True,0,0.0
Sean Kazmar Jr.,https://www.baseball-reference.com/players/k/kazmase01.shtml,True,0,0.0
Pedro Severino,https://www.baseball-reference.com/players/s/severpe01.shtml,True,0,0.0
Ryan Mountcastle,https://www.baseball-reference.com/players/m/mountry01.shtml,True,0,0.0
Pat Valaika,https://www.baseball-reference.com/players/v/valaipa01.shtml,True,0,0.0
Freddy Galvis,https://www.baseball-reference.com/players/g/galvifr01.shtml,True,0,0.0
Maikel Franco,https://www.baseball-reference.com/players/f/francma02.shtml,True,0,0.0
Austin Hays,https://www.baseball-reference.com/players/h/haysau01.shtml,True,0,0.0
Cedric Mullins,https://www.baseball-reference.com/players/m/mullice01.shtml,True,0,0.0
Anthony Santander,https://www.baseball-reference.com/players/s/santaan02.shtml,True,0,0.0
Trey Mancini,https://www.baseball-reference.com/players/m/mancitr01.shtml,True,0,0.0
DJ Stewart,https://www.baseball-reference.com/players/s/stewadj01.shtml,True,0,0.0
Ramon Urias,https://www.baseball-reference.com/players/u/uriasra01.shtml,True,0,0.0
Ryan McKenna,https://www.baseball-reference.com/players/m/mckenry01.shtml,True,0,0.0
Kelvin Gutierrez,https://www.baseball-reference.com/players/g/gutieke01.shtml,True,0,0.0
Austin Wynns,https://www.baseball-reference.com/players/w/wynnsau01.shtml,True,0,0.0
Jorge Mateo,https://www.baseball-reference.com/players/m/mateojo01.shtml,True,0,0.0
Richie Martin,https://www.baseball-reference.com/players/m/martiri01.shtml,True,0,0.0
Rio Ruiz,https://www.baseball-reference.com/players/r/ruizri01.shtml,True,0,0.0
Stevie Wilkerson,https://www.baseball-reference.com/players/w/wilkest01.shtml,True,0,0.0
Chance Sisco,https://www.baseball-reference.com/players/s/siscoch01.shtml,True,0,0.0
Jahmai Jones,https://www.baseball-reference.com/players/j/jonesja08.shtml,True,0,0.0
Tyler Nevin,https://www.baseball-reference.com/players/n/nevinty01.shtml,True,0,0.0
Nick Ciuffo,https://www.baseball-reference.com/players/c/ciuffni01.shtml,True,0,0.0
Christian Vazquez,https://www.baseball-reference.com/players/v/vazquch01.shtml,True,2019,5.075
Bobby Dalbec,https://www.baseball-reference.com/players/d/dalbebo01.shtml,True,0,0.0
Christian Arroyo,https://www.baseball-reference.com/players/a/arroych01.shtml,True,0,0.0
Xander Bogaerts,https://www.baseball-reference.com/players/b/bogaexa01.shtml,True,2020,20.0
Rafael Devers,https://www.baseball-reference.com/players/d/deverra01.shtml,True,0,0.0
Alex Verdugo,https://www.baseball-reference.com/players/v/verdual01.shtml,True,0,0.0
Enrique Hernandez,https://www.baseball-reference.com/players/h/hernaen02.shtml,True,2021,7.0
Hunter Renfroe,https://www.baseball-reference.com/players/r/renfrhu01.shtml,True,0,0.0
J.D. Martinez,https://www.baseball-reference.com/players/m/martijd02.shtml,True,2018,21.99
Marwin Gonzalez,https://www.baseball-reference.com/players/g/gonzama01.shtml,True,0,0.0
Kevin Plawecki,https://www.baseball-reference.com/players/p/plaweke01.shtml,True,0,0.0
Kyle Schwarber,https://www.baseball-reference.com/players/s/schwaky01.shtml,True,0,0.0
Franchy Cordero,https://www.baseball-reference.com/players/c/cordefr02.shtml,True,0,0.0
Danny Santana,https://www.baseball-reference.com/players/s/santada01.shtml,True,0,0.0
Jarren Duran,https://www.baseball-reference.com/players/d/duranja01.shtml,True,0,0.0
Michael Chavis,https://www.baseball-reference.com/players/c/chavimi01.shtml,True,0,0.0
Jonathan Arauz,https://www.baseball-reference.com/players/a/arauzjo01.shtml,True,0,0.0
José Iglesias,https://www.baseball-reference.com/players/i/iglesjo01.shtml,True,0,0.0
Travis Shaw,https://www.baseball-reference.com/players/s/shawtr01.shtml,True,0,0.0
Jack Lopez,https://www.baseball-reference.com/players/l/lopezja03.shtml,True,0,0.0
Connor Wong,https://www.baseball-reference.com/players/w/wongco01.shtml,True,0,0.0
Yairo Munoz,https://www.baseball-reference.com/players/m/munozya01.shtml,True,0,0.0
Taylor Motter,https://www.baseball-reference.com/players/m/motteta01.shtml,True,0,0.0
Willson Contreras,https://www.baseball-reference.com/players/c/contrwi01.shtml,True,0,0.0
Anthony Rizzo,https://www.baseball-reference.com/players/r/rizzoan01.shtml,True,0,0.0
David Bote,https://www.baseball-reference.com/players/b/boteda01.shtml,True,2020,3.0
Javier Baez,https://www.baseball-reference.com/players/b/baezja01.shtml,True,2022,23.33333333333333
Patrick Wisdom,https://www.baseball-reference.com/players/w/wisdopa01.shtml,True,0,0.0
Rafael Ortega,https://www.baseball-reference.com/players/o/ortegra01.shtml,True,0,0.0
Jason Heyward,https://www.baseball-reference.com/players/h/heywaja01.shtml,True,2016,23.0
Ian Happ,https://www.baseball-reference.com/players/h/happia01.shtml,True,0,0.0
Kris Bryant,https://www.baseball-reference.com/players/b/bryankr01.shtml,True,0,0.0
Matt Duffy,https://www.baseball-reference.com/players/d/duffyma01.shtml,True,0,0.0
Sergio Alcantara,https://www.baseball-reference.com/players/a/alcanse01.shtml,True,0,0.0
Frank Schwindel,https://www.baseball-reference.com/players/s/schwifr01.shtml,True,0,0.0
Eric Sogard,https://www.baseball-reference.com/players/s/sogarer01.shtml,True,0,0.0
Nico Hoerner,https://www.baseball-reference.com/players/h/hoernni01.shtml,True,0,0.0
Jake Marisnick,https://www.baseball-reference.com/players/m/marisja01.shtml,True,0,0.0
Robinson Chirinos,https://www.baseball-reference.com/players/c/chiriro01.shtml,True,0,0.0
Andrew Romine,https://www.baseball-reference.com/players/r/rominan01.shtml,True,0,0.0
Austin Romine,https://www.baseball-reference.com/players/r/rominau01.shtml,True,0,0.0
Alfonso Rivas,https://www.baseball-reference.com/players/r/rivasal01.shtml,True,0,0.0
Nick Martini,https://www.baseball-reference.com/players/m/martini02.shtml,True,0,0.0
Michael Hermosillo,https://www.baseball-reference.com/players/h/hermomi01.shtml,True,0,0.0
Trayce Thompson,https://www.baseball-reference.com/players/t/thomptr01.shtml,True,0,0.0
Johneshwy Fargas,https://www.baseball-reference.com/players/f/fargajo01.shtml,True,0,0.0
Greg Deichmann,https://www.baseball-reference.com/players/d/deichgr01.shtml,True,0,0.0
Tony Wolters,https://www.baseball-reference.com/players/w/wolteto01.shtml,True,0,0.0
P.J. Higgins,https://www.baseball-reference.com/players/h/higgipj01.shtml,True,0,0.0
Trent Giambrone,https://www.baseball-reference.com/players/g/giambtr01.shtml,True,0,0.0
Jose Lobaton,https://www.baseball-reference.com/players/l/lobatjo01.shtml,True,0,0.0
Erick Castillo,https://www.baseball-reference.com/players/c/castier01.shtml,True,0,0.0
Taylor Gushue,https://www.baseball-reference.com/players/g/gushuta01.shtml,True,0,0.0
Tyler Payne,https://www.baseball-reference.com/players/p/paynety01.shtml,True,0,0.0
Tyler Ladendorf,https://www.baseball-reference.com/players/l/ladenty01.shtml,True,0,0.0
Yasmani Grandal,https://www.baseball-reference.com/players/g/grandya01.shtml,True,2020,18.25
José Abreu,https://www.baseball-reference.com/players/a/abreujo02.shtml,True,2020,16.666666666666668
Cesar Hernandez,https://www.baseball-reference.com/players/h/hernace02.shtml,True,2022,4.0
Tim Anderson,https://www.baseball-reference.com/players/a/anderti01.shtml,True,0,0.0
Yoan Moncada,https://www.baseball-reference.com/players/m/moncayo01.shtml,True,2020,14.0
Andrew Vaughn,https://www.baseball-reference.com/players/v/vaughan01.shtml,True,0,0.0
Luis Robert,https://www.baseball-reference.com/players/r/roberlu01.shtml,True,2020,8.333333333333334
Adam Eaton,https://www.baseball-reference.com/players/e/eatonad02.shtml,True,0,0.0
Yermin Mercedes,https://www.baseball-reference.com/players/m/merceye01.shtml,True,0,0.0
Leury Garcia,https://www.baseball-reference.com/players/g/garcile02.shtml,True,2022,5.5
Brian Goodwin,https://www.baseball-reference.com/players/g/goodwbr01.shtml,True,0,0.0
Eloy Jimenez,https://www.baseball-reference.com/players/j/jimenel02.shtml,True,2019,7.166666666666667
Zack Collins,https://www.baseball-reference.com/players/c/colliza01.shtml,True,0,0.0
Nick Madrigal,https://www.baseball-reference.com/players/m/madrini01.shtml,True,0,0.0
Danny Mendick,https://www.baseball-reference.com/players/m/mendida01.shtml,True,0,0.0
Gavin Sheets,https://www.baseball-reference.com/players/s/sheetga01.shtml,True,0,0.0
Adam Engel,https://www.baseball-reference.com/players/e/engelad01.shtml,True,0,0.0
Billy Hamilton,https://www.baseball-reference.com/players/h/hamilbi02.shtml,True,0,0.0
Jake Lamb,https://www.baseball-reference.com/players/l/lambja01.shtml,True,0,0.0
Seby Zavala,https://www.baseball-reference.com/players/z/zavalse01.shtml,True,0,0.0
Jake Burger,https://www.baseball-reference.com/players/b/burgeja01.shtml,True,0,0.0
Romy Gonzalez,https://www.baseball-reference.com/players/g/gonzaro01.shtml,True,0,0.0
Nick Williams,https://www.baseball-reference.com/players/w/willini01.shtml,True,0,0.0
Luis Gonzalez,https://www.baseball-reference.com/players/g/gonzalu03.shtml,True,0,0.0
Tucker Barnhart,https://www.baseball-reference.com/players/b/barnhtu01.shtml,True,2018,4.6
Joey Votto,https://www.baseball-reference.com/players/v/vottojo01.shtml,True,2014,22.5
Jonathan India,https://www.baseball-reference.com/players/i/indiajo01.shtml,True,0,0.0
Kyle Farmer,https://www.baseball-reference.com/players/f/farmeky01.shtml,True,0,0.0
Eugenio Suarez,https://www.baseball-reference.com/players/s/suareeu01.shtml,True,2018,9.428571428571429
Jesse Winker,https://www.baseball-reference.com/players/w/winkeje01.shtml,True,0,0.0
Tyler Naquin,https://www.baseball-reference.com/players/n/naquity01.shtml,True,0,0.0
Nick Castellanos,https://www.baseball-reference.com/players/c/casteni01.shtml,True,2020,16.0
Tyler Stephenson,https://www.baseball-reference.com/players/s/stephty01.shtml,True,0,0.0
Mike Moustakas,https://www.baseball-reference.com/players/m/moustmi01.shtml,True,2020,16.0
Aristides Aquino,https://www.baseball-reference.com/players/a/aquinar01.shtml,True,0,0.0
Shogo Akiyama,https://www.baseball-reference.com/players/a/akiyash01.shtml,True,0,0.0
Max Schrock,https://www.baseball-reference.com/players/s/schroma01.shtml,True,0,0.0
Nick Senzel,https://www.baseball-reference.com/players/s/senzeni01.shtml,True,0,0.0
Alex Blandino,https://www.baseball-reference.com/players/b/blandal01.shtml,True,0,0.0
Mike Freeman,https://www.baseball-reference.com/players/f/freemmi01.shtml,True,0,0.0
Delino DeShields,https://www.baseball-reference.com/players/d/deshide02.shtml,True,0,0.0
José Barrero,https://www.baseball-reference.com/players/g/garcijo02.shtml,True,0,0.0
TJ Friedl,https://www.baseball-reference.com/players/f/friedtj01.shtml,True,0,0.0
Scott Heineman,https://www.baseball-reference.com/players/h/heinesc01.shtml,True,0,0.0
Mark Payton,https://www.baseball-reference.com/players/p/paytoma01.shtml,True,0,0.0
Alejo Lopez,https://www.baseball-reference.com/players/l/lopezal03.shtml,True,0,0.0
Austin Hedges,https://www.baseball-reference.com/players/h/hedgeau01.shtml,True,0,0.0
Bobby Bradley,https://www.baseball-reference.com/players/b/bradlbo01.shtml,True,0,0.0
Amed Rosario,https://www.baseball-reference.com/players/r/rosaram01.shtml,True,0,0.0
Jose Ramirez,https://www.baseball-reference.com/players/r/ramirjo01.shtml,True,2017,6.0
Myles Straw,https://www.baseball-reference.com/players/s/strawmy01.shtml,True,0,0.0
Josh Naylor,https://www.baseball-reference.com/players/n/naylojo01.shtml,True,0,0.0
Franmil Reyes,https://www.baseball-reference.com/players/r/reyesfr01.shtml,True,0,0.0
Harold Ramirez,https://www.baseball-reference.com/players/r/ramirha02.shtml,True,0,0.0
Bradley Zimmer,https://www.baseball-reference.com/players/z/zimmebr01.shtml,True,0,0.0
Yu Chang,https://www.baseball-reference.com/players/c/changyu01.shtml,True,0,0.0
Oscar Mercado,https://www.baseball-reference.com/players/m/mercaos01.shtml,True,0,0.0
Andres Gimenez,https://www.baseball-reference.com/players/g/gimenan01.shtml,True,0,0.0
Owen Miller,https://www.baseball-reference.com/players/m/milleow01.shtml,True,0,0.0
Roberto Perez,https://www.baseball-reference.com/players/p/perezro02.shtml,True,2022,5.0
Ernie Clement,https://www.baseball-reference.com/players/c/clemeer01.shtml,True,0,0.0
Jordan Luplow,https://www.baseball-reference.com/players/l/luplojo01.shtml,True,0,0.0
Jake Bauers,https://www.baseball-reference.com/players/b/bauerja01.shtml,True,0,0.0
Daniel Johnson,https://www.baseball-reference.com/players/j/johnsda07.shtml,True,0,0.0
Rene Rivera,https://www.baseball-reference.com/players/r/riverre01.shtml,True,0,0.0
Wilson Ramos,https://www.baseball-reference.com/players/r/ramoswi01.shtml,True,0,0.0
Ryan Lavarnway,https://www.baseball-reference.com/players/l/lavarry01.shtml,True,0,0.0
Ben Gamel,https://www.baseball-reference.com/players/g/gamelbe01.shtml,True,0,0.0
Anthony Gose,https://www.baseball-reference.com/players/g/gosean01.shtml,True,0,0.0
Elias Diaz,https://www.baseball-reference.com/players/d/diazel01.shtml,True,2022,4.833333333333333
C.J. Cron,https://www.baseball-reference.com/players/c/croncj01.shtml,True,2022,7.25
Brendan Rodgers,https://www.baseball-reference.com/players/r/rodgebr02.shtml,True,0,0.0
Trevor Story,https://www.baseball-reference.com/players/s/storytr01.shtml,True,0,0.0
Ryan McMahon,https://www.baseball-reference.com/players/m/mcmahry01.shtml,True,0,0.0
Raimel Tapia,https://www.baseball-reference.com/players/t/tapiara01.shtml,True,0,0.0
Garrett Hampson,https://www.baseball-reference.com/players/h/hampsga01.shtml,True,0,0.0
Charlie Blackmon,https://www.baseball-reference.com/players/b/blackch02.shtml,True,2018,19.6
Yonathan Daza,https://www.baseball-reference.com/players/d/dazayo01.shtml,True,0,0.0
Joshua Fuentes,https://www.baseball-reference.com/players/f/fuentjo01.shtml,True,0,0.0
Dom Nunez,https://www.baseball-reference.com/players/n/nunezdo01.shtml,True,0,0.0
Sam Hilliard,https://www.baseball-reference.com/players/h/hillisa01.shtml,True,0,0.0
Connor Joe,https://www.baseball-reference.com/players/j/joeco01.shtml,True,0,0.0
Alan Trejo,https://www.baseball-reference.com/players/t/trejoal01.shtml,True,0,0.0
Chris Owings,https://www.baseball-reference.com/players/o/owingch01.shtml,True,0,0.0
Colton Welker,https://www.baseball-reference.com/players/w/welkeco01.shtml,True,0,0.0
Matt Adams,https://www.baseball-reference.com/players/a/adamsma01.shtml,True,0,0.0
Ryan Vilade,https://www.baseball-reference.com/players/v/viladry01.shtml,True,0,0.0
Eric Haase,https://www.baseball-reference.com/players/h/haaseer01.shtml,True,0,0.0
Jonathan Schoop,https://www.baseball-reference.com/players/s/schoojo01.shtml,True,2022,7.5
Willi Castro,https://www.baseball-reference.com/players/c/castrwi01.shtml,True,0,0.0
Niko Goodrum,https://www.baseball-reference.com/players/g/goodrni01.shtml,True,0,0.0
Jeimer Candelario,https://www.baseball-reference.com/players/c/candeje01.shtml,True,0,0.0
Robbie Grossman,https://www.baseball-reference.com/players/g/grossro01.shtml,True,2021,5.0
Akil Baddoo,https://www.baseball-reference.com/players/b/baddoak01.shtml,True,0,0.0
Nomar Mazara,https://www.baseball-reference.com/players/m/mazarno01.shtml,True,0,0.0
Miguel Cabrera,https://www.baseball-reference.com/players/c/cabremi01.shtml,True,2016,30.0
Harold Castro,https://www.baseball-reference.com/players/c/castrha01.shtml,True,0,0.0
Victor Reyes,https://www.baseball-reference.com/players/r/reyesvi01.shtml,True,0,0.0
Zack Short,https://www.baseball-reference.com/players/s/shortza01.shtml,True,0,0.0
Derek Hill,https://www.baseball-reference.com/players/h/hillde01.shtml,True,0,0.0
Jake Rogers,https://www.baseball-reference.com/players/r/rogerja03.shtml,True,0,0.0
Daz Cameron,https://www.baseball-reference.com/players/c/camerda01.shtml,True,0,0.0
JaCoby Jones,https://www.baseball-reference.com/players/j/jonesja07.shtml,True,0,0.0
Isaac Paredes,https://www.baseball-reference.com/players/p/paredis01.shtml,True,0,0.0
Grayson Greiner,https://www.baseball-reference.com/players/g/greingr01.shtml,True,0,0.0
Dustin Garneau,https://www.baseball-reference.com/players/g/garnedu01.shtml,True,0,0.0
Renato Nunez,https://www.baseball-reference.com/players/n/nunezre01.shtml,True,0,0.0
Jacob Robson,https://www.baseball-reference.com/players/r/robsoja01.shtml,True,0,0.0
Martin Maldonado,https://www.baseball-reference.com/players/m/maldoma01.shtml,True,2022,4.5
Yuli Gurriel,https://www.baseball-reference.com/players/g/gourryu01.shtml,True,0,0.0
Jose Altuve,https://www.baseball-reference.com/players/a/altuvjo01.shtml,True,2018,23.357142857142858
Carlos Correa,https://www.baseball-reference.com/players/c/correca01.shtml,True,0,0.0
Alex Bregman,https://www.baseball-reference.com/players/b/bregmal01.shtml,True,2020,20.0
Michael Brantley,https://www.baseball-reference.com/players/b/brantmi02.shtml,True,2021,16.0
Kyle Tucker,https://www.baseball-reference.com/players/t/tuckeky01.shtml,True,0,0.0
Yordan Álvarez,https://www.baseball-reference.com/players/a/alvaryo01.shtml,True,0,0.0
Chas McCormick,https://www.baseball-reference.com/players/m/mccorch01.shtml,True,0,0.0
Aledmys Díaz,https://www.baseball-reference.com/players/d/diazal02.shtml,True,0,0.0
Jason Castro,https://www.baseball-reference.com/players/c/castrja01.shtml,True,2021,3.5
Jake Meyers,https://www.baseball-reference.com/players/m/meyerja02.shtml,True,0,0.0
Abraham Toro,https://www.baseball-reference.com/players/t/toroab01.shtml,True,0,0.0
Robel Garcia,https://www.baseball-reference.com/players/g/garciro02.shtml,True,0,0.0
Taylor Jones,https://www.baseball-reference.com/players/j/jonesta01.shtml,True,0,0.0
Jose Siri,https://www.baseball-reference.com/players/s/sirijo01.shtml,True,0,0.0
Garrett Stubbs,https://www.baseball-reference.com/players/s/stubbga01.shtml,True,0,0.0
Jacob Wilson,https://www.baseball-reference.com/players/w/wilsoja04.shtml,True,0,0.0
Alex De Goti,https://www.baseball-reference.com/players/d/degotal01.shtml,True,0,0.0
Ronnie Dawson,https://www.baseball-reference.com/players/d/dawsoro01.shtml,True,0,0.0
Salvador Perez,https://www.baseball-reference.com/players/p/perezsa02.shtml,True,2022,20.5
Carlos Santana,https://www.baseball-reference.com/players/s/santaca01.shtml,True,2021,8.75
Whit Merrifield,https://www.baseball-reference.com/players/m/merriwh01.shtml,True,0,0.0
Nicky Lopez,https://www.baseball-reference.com/players/l/lopezni01.shtml,True,0,0.0
Andrew Benintendi,https://www.baseball-reference.com/players/b/beninan01.shtml,True,0,0.0
Michael A. Taylor,https://www.baseball-reference.com/players/t/taylomi02.shtml,True,2022,4.5
Hunter Dozier,https://www.baseball-reference.com/players/d/doziehu01.shtml,True,2021,6.25
Hanser Alberto,https://www.baseball-reference.com/players/a/alberha01.shtml,True,0,0.0
Ryan O'Hearn,https://www.baseball-reference.com/players/o/ohearry01.shtml,True,0,0.0
Adalberto Mondesi,https://www.baseball-reference.com/players/m/mondera02.shtml,True,0,0.0
Jarrod Dyson,https://www.baseball-reference.com/players/d/dysonja01.shtml,True,0,0.0
Cam Gallagher,https://www.baseball-reference.com/players/g/gallaca01.shtml,True,0,0.0
Edward Olivares,https://www.baseball-reference.com/players/o/olivaed02.shtml,True,0,0.0
Emmanuel Rivera,https://www.baseball-reference.com/players/r/riverem01.shtml,True,0,0.0
Kyle Isbel,https://www.baseball-reference.com/players/i/isbelky01.shtml,True,0,0.0
Sebastian Rivero,https://www.baseball-reference.com/players/r/riverse01.shtml,True,0,0.0
Ryan McBroom,https://www.baseball-reference.com/players/m/mcbrory01.shtml,True,0,0.0
Will Smith,https://www.baseball-reference.com/players/s/smithwi05.shtml,True,0,0.0
Max Muncy,https://www.baseball-reference.com/players/m/muncyma01.shtml,True,0,0.0
Trea Turner,https://www.baseball-reference.com/players/t/turnetr01.shtml,True,0,0.0
Corey Seager,https://www.baseball-reference.com/players/s/seageco01.shtml,True,2022,32.5
Justin Turner,https://www.baseball-reference.com/players/t/turneju01.shtml,True,2021,17.0
AJ Pollock,https://www.baseball-reference.com/players/p/polloaj01.shtml,True,2019,13.75
Cody Bellinger,https://www.baseball-reference.com/players/b/bellico01.shtml,True,0,0.0
Mookie Betts,https://www.baseball-reference.com/players/b/bettsmo01.shtml,True,2021,30.416666666666668
Chris Taylor,https://www.baseball-reference.com/players/t/tayloch03.shtml,True,2022,15.0
Gavin Lux,https://www.baseball-reference.com/players/l/luxga01.shtml,True,0,0.0
Matt Beaty,https://www.baseball-reference.com/players/b/beatyma01.shtml,True,0,0.0
Austin Barnes,https://www.baseball-reference.com/players/b/barneau01.shtml,True,0,0.0
Albert Pujols,https://www.baseball-reference.com/players/p/pujolal01.shtml,True,0,0.0
Zach McKinstry,https://www.baseball-reference.com/players/m/mckinza01.shtml,True,0,0.0
Billy McKinney,https://www.baseball-reference.com/players/m/mckinbi01.shtml,True,0,0.0
Luke Raley,https://www.baseball-reference.com/players/r/raleylu01.shtml,True,0,0.0
Sheldon Neuse,https://www.baseball-reference.com/players/n/neusesh01.shtml,True,0,0.0
Edwin Rios,https://www.baseball-reference.com/players/r/riosed01.shtml,True,0,0.0
Steven Souza Jr.,https://www.baseball-reference.com/players/s/souzast01.shtml,True,0,0.0
DJ Peters,https://www.baseball-reference.com/players/p/peterdj01.shtml,True,0,0.0
Yoshi Tsutsugo,https://www.baseball-reference.com/players/t/tsutsyo01.shtml,True,0,0.0
Andy Burns,https://www.baseball-reference.com/players/b/burnsan01.shtml,True,0,0.0
Zach Reks,https://www.baseball-reference.com/players/r/reksza01.shtml,True,0,0.0
Keibert Ruiz,https://www.baseball-reference.com/players/r/ruizke01.shtml,True,0,0.0
Omar Narvaez,https://www.baseball-reference.com/players/n/narvaom01.shtml,True,0,0.0
Daniel Vogelbach,https://www.baseball-reference.com/players/v/vogelda01.shtml,True,0,0.0
Kolten Wong,https://www.baseball-reference.com/players/w/wongko01.shtml,True,2021,9.0
Willy Adames,https://www.baseball-reference.com/players/a/adamewi01.shtml,True,0,0.0
Luis Urias,https://www.baseball-reference.com/players/u/uriaslu01.shtml,True,0,0.0
Christian Yelich,https://www.baseball-reference.com/players/y/yelicch01.shtml,True,2020,23.88888888888889
Jackie Bradley Jr.,https://www.baseball-reference.com/players/b/bradlja02.shtml,True,2021,12.0
Avisail Garcia,https://www.baseball-reference.com/players/g/garciav01.shtml,True,2022,13.25
Jace Peterson,https://www.baseball-reference.com/players/p/peterja01.shtml,True,0,0.0
Lorenzo Cain,https://www.baseball-reference.com/players/c/cainlo01.shtml,True,2018,16.0
Tyrone Taylor,https://www.baseball-reference.com/players/t/tayloty01.shtml,True,0,0.0
Manny Pina,https://www.baseball-reference.com/players/p/pinama01.shtml,True,2022,4.0
Keston Hiura,https://www.baseball-reference.com/players/h/hiurake01.shtml,True,0,0.0
Rowdy Tellez,https://www.baseball-reference.com/players/t/tellero01.shtml,True,0,0.0
Daniel Robertson,https://www.baseball-reference.com/players/r/roberda10.shtml,True,0,0.0
Pablo Reyes,https://www.baseball-reference.com/players/r/reyespa01.shtml,True,0,0.0
Luke Maile,https://www.baseball-reference.com/players/m/mailelu01.shtml,True,0,0.0
Jacob Nottingham,https://www.baseball-reference.com/players/n/nottija01.shtml,True,0,0.0
Tim Lopes,https://www.baseball-reference.com/players/l/lopesti01.shtml,True,0,0.0
Derek Fisher,https://www.baseball-reference.com/players/f/fishede01.shtml,True,0,0.0
Corey Ray,https://www.baseball-reference.com/players/r/rayco01.shtml,True,0,0.0
Mario Feliciano,https://www.baseball-reference.com/players/f/felicma01.shtml,True,0,0.0
Ryan Jeffers,https://www.baseball-reference.com/players/j/jeffery01.shtml,True,0,0.0
Miguel Sano,https://www.baseball-reference.com/players/s/sanomi01.shtml,True,2020,10.0
Jorge Polanco,https://www.baseball-reference.com/players/p/polanjo01.shtml,True,2019,5.15
Andrelton Simmons,https://www.baseball-reference.com/players/s/simmoan01.shtml,True,0,0.0
Josh Donaldson,https://www.baseball-reference.com/players/d/donaljo02.shtml,True,2020,23.0
Trevor Larnach,https://www.baseball-reference.com/players/l/larnatr01.shtml,True,0,0.0
Byron Buxton,https://www.baseball-reference.com/players/b/buxtoby01.shtml,True,2022,14.285714285714286
Max Kepler,https://www.baseball-reference.com/players/k/keplema01.shtml,True,2019,6.426
Nelson Cruz,https://www.baseball-reference.com/players/c/cruzne02.shtml,True,0,0.0
Luis Arraez,https://www.baseball-reference.com/players/a/arraelu01.shtml,True,0,0.0
Mitch Garver,https://www.baseball-reference.com/players/g/garvemi01.shtml,True,0,0.0
Alex Kirilloff,https://www.baseball-reference.com/players/k/kirilal01.shtml,True,0,0.0
Willians Astudillo,https://www.baseball-reference.com/players/a/astudwi01.shtml,True,0,0.0
Nick Gordon,https://www.baseball-reference.com/players/g/gordoni01.shtml,True,0,0.0
Brent Rooker,https://www.baseball-reference.com/players/r/rookebr01.shtml,True,0,0.0
Jake Cave,https://www.baseball-reference.com/players/c/caveja01.shtml,True,0,0.0
Rob Refsnyder,https://www.baseball-reference.com/players/r/refsnro01.shtml,True,0,0.0
Kyle Garlick,https://www.baseball-reference.com/players/g/garliky01.shtml,True,0,0.0
Ben Rortvedt,https://www.baseball-reference.com/players/r/rortvbe01.shtml,True,0,0.0
Gilberto Celestino,https://www.baseball-reference.com/players/c/celesgi01.shtml,True,0,0.0
JT Riddle,https://www.baseball-reference.com/players/r/riddljt01.shtml,True,0,0.0
Tzu-Wei Lin,https://www.baseball-reference.com/players/l/lintz02.shtml,True,0,0.0
Travis Blankenhorn,https://www.baseball-reference.com/players/b/blanktr01.shtml,True,0,0.0
James McCann,https://www.baseball-reference.com/players/m/mccanja02.shtml,True,2021,10.15
Pete Alonso,https://www.baseball-reference.com/players/a/alonspe01.shtml,True,0,0.0
Jeff McNeil,https://www.baseball-reference.com/players/m/mcneije01.shtml,True,0,0.0
Francisco Lindor,https://www.baseball-reference.com/players/l/lindofr01.shtml,True,2022,34.1
Jonathan Villar,https://www.baseball-reference.com/players/v/villajo01.shtml,True,0,0.0
Dominic Smith,https://www.baseball-reference.com/players/s/smithdo02.shtml,True,0,0.0
Brandon Nimmo,https://www.baseball-reference.com/players/n/nimmobr01.shtml,True,0,0.0
Michael Conforto,https://www.baseball-reference.com/players/c/confomi01.shtml,True,0,0.0
Kevin Pillar,https://www.baseball-reference.com/players/p/pillake01.shtml,True,0,0.0
J.D. Davis,https://www.baseball-reference.com/players/d/davisjd01.shtml,True,0,0.0
Tomas Nido,https://www.baseball-reference.com/players/n/nidoto01.shtml,True,0,0.0
Luis Guillorme,https://www.baseball-reference.com/players/g/guilllu01.shtml,True,0,0.0
Jose Peraza,https://www.baseball-reference.com/players/p/perazjo01.shtml,True,0,0.0
Brandon Drury,https://www.baseball-reference.com/players/d/drurybr01.shtml,True,0,0.0
Patrick Mazeika,https://www.baseball-reference.com/players/m/mazeipa01.shtml,True,0,0.0
Albert Almora,https://www.baseball-reference.com/players/a/almoral01.shtml,True,0,0.0
Mason Williams,https://www.baseball-reference.com/players/w/willima10.shtml,True,0,0.0
Cameron Maybin,https://www.baseball-reference.com/players/m/maybica01.shtml,True,0,0.0
Khalil Lee,https://www.baseball-reference.com/players/l/leekh01.shtml,True,0,0.0
Wilfredo Tovar,https://www.baseball-reference.com/players/t/tovarwi01.shtml,True,0,0.0
Gary Sanchez,https://www.baseball-reference.com/players/s/sanchga02.shtml,True,0,0.0
DJ LeMahieu,https://www.baseball-reference.com/players/l/lemahdj01.shtml,True,2021,15.0
Gleyber Torres,https://www.baseball-reference.com/players/t/torregl01.shtml,True,0,0.0
Gio Urshela,https://www.baseball-reference.com/players/u/urshegi01.shtml,True,0,0.0
Joey Gallo,https://www.baseball-reference.com/players/g/gallojo01.shtml,True,0,0.0
Brett Gardner,https://www.baseball-reference.com/players/g/gardnbr01.shtml,True,0,0.0
Aaron Judge,https://www.baseball-reference.com/players/j/judgeaa01.shtml,True,0,0.0
Giancarlo Stanton,https://www.baseball-reference.com/players/s/stantmi03.shtml,True,2015,25.0
Rougned Odor,https://www.baseball-reference.com/players/o/odorro01.shtml,True,0,0.0
Luke Voit,https://www.baseball-reference.com/players/v/voitlu01.shtml,True,0,0.0
Clint Frazier,https://www.baseball-reference.com/players/f/frazicl01.shtml,True,0,0.0
Kyle Higashioka,https://www.baseball-reference.com/players/h/higasky01.shtml,True,0,0.0
Miguel Andujar,https://www.baseball-reference.com/players/a/andujmi01.shtml,True,0,0.0
Tyler Wade,https://www.baseball-reference.com/players/w/wadety01.shtml,True,0,0.0
Aaron Hicks,https://www.baseball-reference.com/players/h/hicksaa01.shtml,True,2019,10.0
Mike Ford,https://www.baseball-reference.com/players/f/fordmi01.shtml,True,0,0.0
Andrew Velazquez,https://www.baseball-reference.com/players/v/velazan01.shtml,True,0,0.0
Greg Allen,https://www.baseball-reference.com/players/a/allengr01.shtml,True,0,0.0
Chris Gittens,https://www.baseball-reference.com/players/g/gittech01.shtml,True,0,0.0
Jay Bruce,https://www.baseball-reference.com/players/b/bruceja01.shtml,True,0,0.0
Estevan Florial,https://www.baseball-reference.com/players/f/flories01.shtml,True,0,0.0
Ryan LaMarre,https://www.baseball-reference.com/players/l/lamarry01.shtml,True,0,0.0
Rob Brantly,https://www.baseball-reference.com/players/b/brantro01.shtml,True,0,0.0
Jonathan Davis,https://www.baseball-reference.com/players/d/davisjo05.shtml,True,0,0.0
Mike Tauchman,https://www.baseball-reference.com/players/t/tauchmi01.shtml,True,0,0.0
Trey Amburgey,https://www.baseball-reference.com/players/a/amburtr01.shtml,True,0,0.0
Hoy Park,https://www.baseball-reference.com/players/p/parkho01.shtml,True,0,0.0
Sean Murphy,https://www.baseball-reference.com/players/m/murphse01.shtml,True,0,0.0
Matt Olson,https://www.baseball-reference.com/players/o/olsonma02.shtml,True,0,0.0
Jed Lowrie,https://www.baseball-reference.com/players/l/lowrije01.shtml,True,0,0.0
Elvis Andrus,https://www.baseball-reference.com/players/a/andruel01.shtml,True,2015,15.0
Matt Chapman,https://www.baseball-reference.com/players/c/chapmma01.shtml,True,0,0.0
Mark Canha,https://www.baseball-reference.com/players/c/canhama01.shtml,True,2022,13.25
Ramon Laureano,https://www.baseball-reference.com/players/l/laurera01.shtml,True,0,0.0
Seth Brown,https://www.baseball-reference.com/players/b/brownse01.shtml,True,0,0.0
Mitch Moreland,https://www.baseball-reference.com/players/m/morelmi01.shtml,True,0,0.0
Tony Kemp,https://www.baseball-reference.com/players/k/kempto01.shtml,True,0,0.0
Starling Marte,https://www.baseball-reference.com/players/m/martest01.shtml,True,2022,19.5
Chad Pinder,https://www.baseball-reference.com/players/p/pindech01.shtml,True,0,0.0
Josh Harrison,https://www.baseball-reference.com/players/h/harrijo05.shtml,True,0,0.0
Stephen Piscotty,https://www.baseball-reference.com/players/p/piscost01.shtml,True,2017,5.583333333333333
Yan Gomes,https://www.baseball-reference.com/players/g/gomesya01.shtml,True,2022,6.5
Aramis Garcia,https://www.baseball-reference.com/players/g/garciar01.shtml,True,0,0.0
Skye Bolt,https://www.baseball-reference.com/players/b/boltsk01.shtml,True,0,0.0
Khris Davis,https://www.baseball-reference.com/players/d/daviskh01.shtml,True,0,0.0
Vimael Machin,https://www.baseball-reference.com/players/m/machivi01.shtml,True,0,0.0
Ka'ai Tom,https://www.baseball-reference.com/players/t/tomka01.shtml,True,0,0.0
Pete Kozma,https://www.baseball-reference.com/players/k/kozmape01.shtml,True,0,0.0
Luis Barrera,https://www.baseball-reference.com/players/b/barrelu01.shtml,True,0,0.0
Austin Allen,https://www.baseball-reference.com/players/a/allenau01.shtml,True,0,0.0
J.T. Realmuto,https://www.baseball-reference.com/players/r/realmjt01.shtml,True,2021,23.1
Rhys Hoskins,https://www.baseball-reference.com/players/h/hoskirh01.shtml,True,0,0.0
Jean Segura,https://www.baseball-reference.com/players/s/segurje01.shtml,True,2018,14.0
Didi Gregorius,https://www.baseball-reference.com/players/g/gregodi01.shtml,True,2021,14.0
Alec Bohm,https://www.baseball-reference.com/players/b/bohmal01.shtml,True,0,0.0
Andrew McCutchen,https://www.baseball-reference.com/players/m/mccutan01.shtml,True,0,0.0
Odubel Herrera,https://www.baseball-reference.com/players/h/herreod01.shtml,True,0,0.0
Bryce Harper,https://www.baseball-reference.com/players/h/harpebr03.shtml,True,2019,25.384615384615383
Brad Miller,https://www.baseball-reference.com/players/m/millebr02.shtml,True,0,0.0
Ronald Torreyes,https://www.baseball-reference.com/players/t/torrero01.shtml,True,0,0.0
Andrew Knapp,https://www.baseball-reference.com/players/k/knappan01.shtml,True,0,0.0
Travis Jankowski,https://www.baseball-reference.com/players/j/jankotr01.shtml,True,0,0.0
Nick Maton,https://www.baseball-reference.com/players/m/matonni01.shtml,True,0,0.0
Luke Williams,https://www.baseball-reference.com/players/w/willilu01.shtml,True,0,0.0
Matt Vierling,https://www.baseball-reference.com/players/v/vierlma01.shtml,True,0,0.0
Matt Joyce,https://www.baseball-reference.com/players/j/joycema01.shtml,True,0,0.0
Roman Quinn,https://www.baseball-reference.com/players/q/quinnro01.shtml,True,0,0.0
Rafael Marchan,https://www.baseball-reference.com/players/m/marchra01.shtml,True,0,0.0
Mickey Moniak,https://www.baseball-reference.com/players/m/moniami01.shtml,True,0,0.0
Adam Haseley,https://www.baseball-reference.com/players/h/haselad01.shtml,True,0,0.0
Scott Kingery,https://www.baseball-reference.com/players/k/kingesc01.shtml,True,2018,4.0
Jorge Bonifacio,https://www.baseball-reference.com/players/b/bonifjo01.shtml,True,0,0.0
Jacob Stallings,https://www.baseball-reference.com/players/s/stallja01.shtml,True,0,0.0
Colin Moran,https://www.baseball-reference.com/players/m/moranco01.shtml,True,0,0.0
Adam Frazier,https://www.baseball-reference.com/players/f/fraziad01.shtml,True,0,0.0
Kevin Newman,https://www.baseball-reference.com/players/n/newmake01.shtml,True,0,0.0
Ke'Bryan Hayes,https://www.baseball-reference.com/players/h/hayeske01.shtml,True,0,0.0
Bryan Reynolds,https://www.baseball-reference.com/players/r/reynobr01.shtml,True,0,0.0
Gregory Polanco,https://www.baseball-reference.com/players/p/polangr01.shtml,True,0,0.0
Phillip Evans,https://www.baseball-reference.com/players/e/evansph01.shtml,True,0,0.0
Wilmer Difo,https://www.baseball-reference.com/players/d/difowi01.shtml,True,0,0.0
Michael Perez,https://www.baseball-reference.com/players/p/perezmi03.shtml,True,0,0.0
Erik Gonzalez,https://www.baseball-reference.com/players/g/gonzaer01.shtml,True,0,0.0
Anthony Alford,https://www.baseball-reference.com/players/a/alforan01.shtml,True,0,0.0
Cole Tucker,https://www.baseball-reference.com/players/t/tuckeco01.shtml,True,0,0.0
John Nogowski,https://www.baseball-reference.com/players/n/nogowjo01.shtml,True,0,0.0
Rodolfo Castro,https://www.baseball-reference.com/players/c/castrro01.shtml,True,0,0.0
Will Craig,https://www.baseball-reference.com/players/c/craigwi01.shtml,True,0,0.0
Dustin Fowler,https://www.baseball-reference.com/players/f/fowledu01.shtml,True,0,0.0
Jared Oliva,https://www.baseball-reference.com/players/o/olivaja01.shtml,True,0,0.0
Todd Frazier,https://www.baseball-reference.com/players/f/frazito01.shtml,True,0,0.0
Troy Stokes Jr.,https://www.baseball-reference.com/players/s/stoketr01.shtml,True,0,0.0
Oneil Cruz,https://www.baseball-reference.com/players/c/cruzon01.shtml,True,0,0.0
Taylor Davis,https://www.baseball-reference.com/players/d/davista01.shtml,True,0,0.0
Hunter Owen,https://www.baseball-reference.com/players/o/owenhu01.shtml,True,0,0.0
Victor Caratini,https://www.baseball-reference.com/players/c/caratvi01.shtml,True,0,0.0
Eric Hosmer,https://www.baseball-reference.com/players/h/hosmeer01.shtml,True,2018,18.0
Jake Cronenworth,https://www.baseball-reference.com/players/c/croneja01.shtml,True,0,0.0
Fernando Tatis Jr.,https://www.baseball-reference.com/players/t/tatisfe02.shtml,True,2021,24.285714285714285
Manny Machado,https://www.baseball-reference.com/players/m/machama01.shtml,True,2019,30.0
Tommy Pham,https://www.baseball-reference.com/players/p/phamth01.shtml,True,0,0.0
Trent Grisham,https://www.baseball-reference.com/players/g/grishtr01.shtml,True,0,0.0
Wil Myers,https://www.baseball-reference.com/players/m/myerswi01.shtml,True,2017,13.833333333333334
Jurickson Profar,https://www.baseball-reference.com/players/p/profaju01.shtml,True,2021,6.335
Ha-Seong Kim,https://www.baseball-reference.com/players/k/kimha01.shtml,True,0,0.0
Austin Nola,https://www.baseball-reference.com/players/n/nolaau01.shtml,True,0,0.0
Webster Rivas,https://www.baseball-reference.com/players/r/rivaswe01.shtml,True,0,0.0
Brian O'Grady,https://www.baseball-reference.com/players/o/ogradbr01.shtml,True,0,0.0
Tucupita Marcano,https://www.baseball-reference.com/players/m/marcatu01.shtml,True,0,0.0
Luis Campusano,https://www.baseball-reference.com/players/c/campulu01.shtml,True,0,0.0
Patrick Kivlehan,https://www.baseball-reference.com/players/k/kivlepa01.shtml,True,0,0.0
John Andreoli,https://www.baseball-reference.com/players/a/andrejo03.shtml,True,0,0.0
Ivan Castillo,https://www.baseball-reference.com/players/c/castiiv01.shtml,True,0,0.0
Buster Posey,https://www.baseball-reference.com/players/p/poseybu01.shtml,True,0,0.0
Brandon Belt,https://www.baseball-reference.com/players/b/beltbr01.shtml,True,2022,18.4
Donovan Solano,https://www.baseball-reference.com/players/s/solando01.shtml,True,0,0.0
Brandon Crawford,https://www.baseball-reference.com/players/c/crawfbr01.shtml,True,2022,16.0
Evan Longoria,https://www.baseball-reference.com/players/l/longoev01.shtml,True,2017,16.666666666666668
Alex Dickerson,https://www.baseball-reference.com/players/d/dickeal01.shtml,True,0,0.0
Steven Duggar,https://www.baseball-reference.com/players/d/duggast01.shtml,True,0,0.0
Mike Yastrzemski,https://www.baseball-reference.com/players/y/yastrmi01.shtml,True,0,0.0
Wilmer Flores,https://www.baseball-reference.com/players/f/florewi01.shtml,True,2020,3.1666666666666665
LaMonte Wade Jr,https://www.baseball-reference.com/players/w/wadela01.shtml,True,0,0.0
Darin Ruf,https://www.baseball-reference.com/players/r/rufda01.shtml,True,0,0.0
Austin Slater,https://www.baseball-reference.com/players/s/slateau01.shtml,True,0,0.0
Tommy La Stella,https://www.baseball-reference.com/players/l/lasteto01.shtml,True,2021,6.25
Curt Casali,https://www.baseball-reference.com/players/c/casalcu01.shtml,True,0,0.0
Mauricio Dubon,https://www.baseball-reference.com/players/d/dubonma01.shtml,True,0,0.0
Thairo Estrada,https://www.baseball-reference.com/players/e/estrath01.shtml,True,0,0.0
Jason Vosler,https://www.baseball-reference.com/players/v/vosleja01.shtml,True,0,0.0
Chadwick Tromp,https://www.baseball-reference.com/players/t/trompch01.shtml,True,0,0.0
Jaylin Davis,https://www.baseball-reference.com/players/d/davisja03.shtml,True,0,0.0
Joey Bart,https://www.baseball-reference.com/players/b/bartjo01.shtml,True,0,0.0
Tom Murphy,https://www.baseball-reference.com/players/m/murphto04.shtml,True,0,0.0
Ty France,https://www.baseball-reference.com/players/f/francty01.shtml,True,0,0.0
J.P. Crawford,https://www.baseball-reference.com/players/c/crawfjp01.shtml,True,0,0.0
Kyle Seager,https://www.baseball-reference.com/players/s/seageky01.shtml,True,0,0.0
Jake Fraley,https://www.baseball-reference.com/players/f/fraleja01.shtml,True,0,0.0
Jarred Kelenic,https://www.baseball-reference.com/players/k/kelenja01.shtml,True,0,0.0
Mitch Haniger,https://www.baseball-reference.com/players/h/hanigmi01.shtml,True,0,0.0
Luis Torrens,https://www.baseball-reference.com/players/t/torrelu01.shtml,True,0,0.0
Dylan Moore,https://www.baseball-reference.com/players/m/mooredy01.shtml,True,0,0.0
Taylor Trammell,https://www.baseball-reference.com/players/t/trammta01.shtml,True,0,0.0
Cal Raleigh,https://www.baseball-reference.com/players/r/raleica01.shtml,True,0,0.0
Kyle Lewis,https://www.baseball-reference.com/players/l/lewisky01.shtml,True,0,0.0
Jose Marmolejos,https://www.baseball-reference.com/players/m/marmojo01.shtml,True,0,0.0
Shed Long,https://www.baseball-reference.com/players/l/longsh01.shtml,True,0,0.0
Evan White,https://www.baseball-reference.com/players/w/whiteev01.shtml,True,2020,4.0
Sam Haggerty,https://www.baseball-reference.com/players/h/haggesa01.shtml,True,0,0.0
Donovan Walton,https://www.baseball-reference.com/players/w/waltodo01.shtml,True,0,0.0
Jose Godoy,https://www.baseball-reference.com/players/g/godoyjo01.shtml,True,0,0.0
Jack Mayfield,https://www.baseball-reference.com/players/m/mayfija01.shtml,True,0,0.0
Eric Campbell,https://www.baseball-reference.com/players/c/campber01.shtml,True,0,0.0
Dillon Thomas,https://www.baseball-reference.com/players/t/thomadi01.shtml,True,0,0.0
Braden Bishop,https://www.baseball-reference.com/players/b/bishobr01.shtml,True,0,0.0
Kevin Padlo,https://www.baseball-reference.com/players/p/padloke01.shtml,True,0,0.0
Yadier Molina,https://www.baseball-reference.com/players/m/molinya01.shtml,True,2022,10.0
Paul Goldschmidt,https://www.baseball-reference.com/players/g/goldspa01.shtml,True,2020,26.0
Tommy Edman,https://www.baseball-reference.com/players/e/edmanto01.shtml,True,0,0.0
Paul DeJong,https://www.baseball-reference.com/players/d/dejonpa01.shtml,True,2018,4.333333333333333
Nolan Arenado,https://www.baseball-reference.com/players/a/arenano01.shtml,True,2019,30.55555555555556
Tyler O'Neill,https://www.baseball-reference.com/players/o/oneilty01.shtml,True,0,0.0
Harrison Bader,https://www.baseball-reference.com/players/b/baderha01.shtml,True,0,0.0
Dylan Carlson,https://www.baseball-reference.com/players/c/carlsdy01.shtml,True,0,0.0
Edmundo Sosa,https://www.baseball-reference.com/players/s/sosaed01.shtml,True,0,0.0
Matt Carpenter,https://www.baseball-reference.com/players/c/carpema01.shtml,True,0,0.0
Andrew Knizner,https://www.baseball-reference.com/players/k/kniznan01.shtml,True,0,0.0
Justin Williams,https://www.baseball-reference.com/players/w/williju02.shtml,True,0,0.0
Lars Nootbaar,https://www.baseball-reference.com/players/n/nootbla01.shtml,True,0,0.0
Jose Rondon,https://www.baseball-reference.com/players/r/rondojo02.shtml,True,0,0.0
Lane Thomas,https://www.baseball-reference.com/players/t/thomala02.shtml,True,0,0.0
Austin Dean,https://www.baseball-reference.com/players/d/deanau01.shtml,True,0,0.0
Max Moroff,https://www.baseball-reference.com/players/m/morofma01.shtml,True,0,0.0
Scott Hurst,https://www.baseball-reference.com/players/h/hurstsc01.shtml,True,0,0.0
Ali Sanchez,https://www.baseball-reference.com/players/s/sanchal04.shtml,True,0,0.0
Jose Trevino,https://www.baseball-reference.com/players/t/trevijo01.shtml,True,0,0.0
Nathaniel Lowe,https://www.baseball-reference.com/players/l/lowena01.shtml,True,0,0.0
Nick Solak,https://www.baseball-reference.com/players/s/solakni01.shtml,True,0,0.0
Isiah Kiner-Falefa,https://www.baseball-reference.com/players/k/kineris01.shtml,True,0,0.0
Brock Holt,https://www.baseball-reference.com/players/h/holtbr01.shtml,True,0,0.0
Willie Calhoun,https://www.baseball-reference.com/players/c/calhowi01.shtml,True,0,0.0
Adolis García,https://www.baseball-reference.com/players/g/garciad02.shtml,True,0,0.0
Yohel Pozo,https://www.baseball-reference.com/players/p/pozoyo01.shtml,True,0,0.0
Jonah Heim,https://www.baseball-reference.com/players/h/heimjo01.shtml,True,0,0.0
Andy Ibáñez,https://www.baseball-reference.com/players/i/ibanean01.shtml,True,0,0.0
Charlie Culberson,https://www.baseball-reference.com/players/c/culbech01.shtml,True,0,0.0
David Dahl,https://www.baseball-reference.com/players/d/dahlda01.shtml,True,0,0.0
Eli White,https://www.baseball-reference.com/players/w/whiteel04.shtml,True,0,0.0
Leody Taveras,https://www.baseball-reference.com/players/t/taverle01.shtml,True,0,0.0
Yonny Hernandez,https://www.baseball-reference.com/players/h/hernayo02.shtml,True,0,0.0
Jason Martin,https://www.baseball-reference.com/players/m/martija03.shtml,True,0,0.0
Curtis Terry,https://www.baseball-reference.com/players/t/terrycu01.shtml,True,0,0.0
John Hicks,https://www.baseball-reference.com/players/h/hicksjo02.shtml,True,0,0.0
Ronald Guzman,https://www.baseball-reference.com/players/g/guzmaro01.shtml,True,0,0.0
Anderson Tejeda,https://www.baseball-reference.com/players/t/tejedan01.shtml,True,0,0.0
Ryan Dorow,https://www.baseball-reference.com/players/d/dorowry01.shtml,True,0,0.0
Reese McGuire,https://www.baseball-reference.com/players/m/mcguire01.shtml,True,0,0.0
Vladimir Guerrero Jr.,https://www.baseball-reference.com/players/g/guerrvl02.shtml,True,0,0.0
Marcus Semien,https://www.baseball-reference.com/players/s/semiema01.shtml,True,2022,25.0
Bo Bichette,https://www.baseball-reference.com/players/b/bichebo01.shtml,True,0,0.0
Santiago Espinal,https://www.baseball-reference.com/players/e/espinsa01.shtml,True,0,0.0
Lourdes Gurriel Jr.,https://www.baseball-reference.com/players/g/gurrilo01.shtml,True,2017,3.142857142857143
Randal Grichuk,https://www.baseball-reference.com/players/g/grichra01.shtml,True,2019,10.4
Teoscar Hernandez,https://www.baseball-reference.com/players/h/hernate01.shtml,True,0,0.0
George Springer,https://www.baseball-reference.com/players/s/springe01.shtml,True,2021,25.0
Cavan Biggio,https://www.baseball-reference.com/players/b/biggica01.shtml,True,0,0.0
Danny Jansen,https://www.baseball-reference.com/players/j/janseda01.shtml,True,0,0.0
Alejandro Kirk,https://www.baseball-reference.com/players/k/kirkal01.shtml,True,0,0.0
Corey Dickerson,https://www.baseball-reference.com/players/d/dickeco01.shtml,True,0,0.0
Joe Panik,https://www.baseball-reference.com/players/p/panikjo01.shtml,True,0,0.0
Breyvic Valera,https://www.baseball-reference.com/players/v/valerbr01.shtml,True,0,0.0
Josh Palacios,https://www.baseball-reference.com/players/p/palacjo01.shtml,True,0,0.0
Kevin Smith,https://www.baseball-reference.com/players/s/smithke05.shtml,True,0,0.0
Riley Adams,https://www.baseball-reference.com/players/a/adamsri03.shtml,True,0,0.0
Jared Hoying,https://www.baseball-reference.com/players/h/hoyinja01.shtml,True,0,0.0
Otto Lopez,https://www.baseball-reference.com/players/l/lopezot01.shtml,True,0,0.0
Josh Bell,https://www.baseball-reference.com/players/b/belljo02.shtml,True,0,0.0
Starlin Castro,https://www.baseball-reference.com/players/c/castrst01.shtml,True,0,0.0
Victor Robles,https://www.baseball-reference.com/players/r/roblevi01.shtml,True,0,0.0
Juan Soto,https://www.baseball-reference.com/players/s/sotoju01.shtml,True,0,0.0
Alcides Escobar,https://www.baseball-reference.com/players/e/escobal02.shtml,True,2022,1.0
Yadiel Hernández,https://www.baseball-reference.com/players/h/hernaya01.shtml,True,0,0.0
Ryan Zimmerman,https://www.baseball-reference.com/players/z/zimmery01.shtml,True,0,0.0
Carter Kieboom,https://www.baseball-reference.com/players/k/kieboca01.shtml,True,0,0.0
Luis Garcia,https://www.baseball-reference.com/players/g/garcilu04.shtml,True,0,0.0
Andrew Stevenson,https://www.baseball-reference.com/players/s/stevean01.shtml,True,0,0.0
Jordy Mercer,https://www.baseball-reference.com/players/m/mercejo03.shtml,True,0,0.0
Alex Avila,https://www.baseball-reference.com/players/a/avilaal01.shtml,True,0,0.0
Tres Barrera,https://www.baseball-reference.com/players/b/barretr01.shtml,True,0,0.0
Gerardo Parra,https://www.baseball-reference.com/players/p/parrage01.shtml,True,0,0.0
Adrian Sanchez,https://www.baseball-reference.com/players/s/sanchad01.shtml,True,0,0.0
Hernan Perez,https://www.baseball-reference.com/players/p/perezhe01.shtml,True,0,0.0
Humberto Arteaga,https://www.baseball-reference.com/players/a/arteahu01.shtml,True,0,0.0
Jakson Reetz,https://www.baseball-reference.com/players/r/reetzja01.shtml,True,0,0.0
Cody Wilson,https://www.baseball-reference.com/players/w/wilsoco01.shtml,True,0,0.0
